patient_id,full_name,date_of_birth,phone,government_id
P00001,Kenneth Davis,2021-07-07,555-5506,GID-00001
P00002,Jessica Anderson,2000-12-19,555-2679,GID-00002
P00003,Amanda Mitchell,2010-05-28,555-7912,GID-00003
P00004,Robert Johnson,2009-03-11,555-4582,GID-00004
P00005,Joseph Allen,2021-03-29,555-4257,GID-00005
P00006,Melissa Adams,1950-09-24,555-4611,GID-00006
P00007,Mark Nguyen,1976-02-02,555-1106,GID-00007
P00008,Timothy Hernandez,1950-03-05,555-6574,GID-00008
P00009,Sarah Martinez,1987-05-16,555-6514,GID-00009
P00010,Michael Garcia,1957-11-01,555-2584,GID-00010
P00011,Daniel Thompson,1978-07-17,555-1711,GID-00011
P00012,George Robinson,2003-08-10,555-7201,GID-00012
P00013,Jennifer Scott,1973-05-26,555-6925,GID-00013
P00014,Andrew Gonzalez,2013-07-10,555-1750,GID-00014
P00015,Kevin Anderson,1974-01-29,555-2307,GID-00015
P00016,Joseph Miller,1957-10-19,555-5554,GID-00016
P00017,Sandra Green,1960-07-17,555-3664,GID-00017
P00018,Lisa Thompson,1988-05-30,555-5374,GID-00018
P00019,Brian Baker,2013-03-11,555-3803,GID-00019
P00020,Paul Campbell,1982-01-29,555-3677,GID-00020
P00021,Sandra Harris,1977-07-26,555-4598,GID-00021
P00022,Amanda Lee,2015-12-20,555-4752,GID-00022
P00023,Robert Lee,1954-01-09,555-5386,GID-00023
P00024,John Wilson,1969-07-17,555-4483,GID-00024
P00025,Carol Young,1955-01-06,555-8517,GID-00025
P00026,Elizabeth Taylor,2000-12-13,555-5040,GID-00026
P00027,Deborah Scott,1978-11-10,555-8019,GID-00027
P00028,Donna Sanchez,1961-01-19,555-4593,GID-00028
P00029,David Allen,1937-06-14,555-2489,GID-00029
P00030,Timothy Brown,2006-05-01,555-3504,GID-00030
P00031,Kenneth Hernandez,1950-04-04,555-2040,GID-00031
P00032,Matthew Harris,1942-01-08,555-9669,GID-00032
P00033,Thomas Scott,2023-12-11,555-2876,GID-00033
P00034,Amanda Wright,1978-02-16,555-6573,GID-00034
P00035,Linda Jackson,1947-12-30,555-3591,GID-00035
P00036,Sandra Smith,1978-09-29,555-9201,GID-00036
P00037,Timothy Lopez,2006-11-29,555-5889,GID-00037
P00038,Kenneth Allen,1990-04-25,555-3504,GID-00038
P00039,Lisa Carter,1997-01-06,555-9837,GID-00039
P00040,Stephanie King,2025-11-25,555-6310,GID-00040
P00041,Ashley Johnson,2005-12-06,555-6947,GID-00041
P00042,Karen Thomas,2015-08-11,555-4946,GID-00042
P00043,Andrew Garcia,2010-08-20,555-8962,GID-00043
P00044,John Carter,2003-06-10,555-3103,GID-00044
P00045,Kevin Walker,1996-05-17,555-5342,GID-00045
P00046,Kimberly Hill,1950-01-30,555-4470,GID-00046
P00047,Paul Carter,1989-11-29,555-6107,GID-00047
P00048,Betty Nelson,1959-01-01,555-8177,GID-00048
P00049,Kimberly Lewis,2004-04-16,555-5061,GID-00049
P00050,Joseph Jones,1965-05-05,555-1344,GID-00050
P00051,Donna Scott,1984-09-18,555-4608,GID-00051
P00052,James Jones,2015-06-10,555-4750,GID-00052
P00053,John Williams,1966-09-19,555-2160,GID-00053
P00054,Steven Thomas,1976-01-14,555-8953,GID-00054
P00055,Susan Wright,2002-04-06,555-8744,GID-00055
P00056,Jessica Walker,1952-12-18,555-4119,GID-00056
P00057,Michael Miller,1948-08-29,555-6804,GID-00057
P00058,Margaret Clark,1942-03-17,555-1887,GID-00058
P00059,Amanda Adams,2008-05-06,555-1993,GID-00059
P00060,Betty Campbell,1965-02-14,555-2790,GID-00060
P00061,Jessica Gonzalez,1991-11-16,555-9786,GID-00061
P00062,Mark Rodriguez,1950-04-22,555-4006,GID-00062
P00063,Sarah Robinson,1981-03-07,555-2235,GID-00063
P00064,Mark Scott,2008-06-08,555-1828,GID-00064
P00065,Carol Wright,2023-05-10,555-2528,GID-00065
P00066,Timothy Thomas,1996-02-29,555-7658,GID-00066
P00067,Ashley Walker,1987-08-26,555-7570,GID-00067
P00068,Patricia Hernandez,1958-01-02,555-1035,GID-00068
P00069,Matthew Taylor,1944-05-12,555-5673,GID-00069
P00070,Margaret Hall,1938-09-06,555-3536,GID-00070
P00071,Richard Jackson,1986-12-10,555-1958,GID-00071
P00072,Donna Mitchell,2015-01-25,555-6138,GID-00072
P00073,Patricia Brown,1940-06-15,555-9238,GID-00073
P00074,Kimberly Hernandez,2015-10-19,555-9320,GID-00074
P00075,Jennifer Lopez,2013-09-16,555-2113,GID-00075
P00076,Amanda Thomas,1953-07-22,555-2964,GID-00076
P00077,Andrew Thomas,2018-11-15,555-2343,GID-00077
P00078,Anthony Nelson,1969-03-28,555-5272,GID-00078
P00079,Susan Nelson,1969-08-18,555-4910,GID-00079
P00080,Thomas Sanchez,2002-07-09,555-5915,GID-00080
P00081,Sandra Lee,2012-12-26,555-1152,GID-00081
P00082,Sandra Flores,2008-01-24,555-2200,GID-00082
P00083,Paul Wilson,1978-06-02,555-3170,GID-00083
P00084,Daniel Jones,1982-03-04,555-7054,GID-00084
P00085,Charles Hernandez,1947-05-20,555-9900,GID-00085
P00086,Melissa Martin,2024-08-07,555-5905,GID-00086
P00087,Kevin Miller,2001-11-28,555-5333,GID-00087
P00088,Linda Miller,1998-02-10,555-5462,GID-00088
P00089,Charles Hill,1988-03-18,555-6617,GID-00089
P00090,Susan Baker,1978-08-21,555-9280,GID-00090
P00091,Ashley Taylor,2016-11-20,555-2512,GID-00091
P00092,Kenneth Ramirez,1976-05-11,555-1722,GID-00092
P00093,James Perez,2002-07-13,555-5291,GID-00093
P00094,William Mitchell,1946-09-22,555-8007,GID-00094
P00095,Emily Smith,2005-12-06,555-2232,GID-00095
P00096,Brian Martinez,2019-07-16,555-7049,GID-00096
P00097,Donna Scott,1999-06-07,555-8041,GID-00097
P00098,David Williams,1970-09-10,555-6974,GID-00098
P00099,Robert Thompson,1988-04-23,555-5088,GID-00099
P00100,Kevin Miller,1962-07-18,555-7658,GID-00100
