staff_id,full_name,date_of_birth,phone,government_id
S0001,Michelle Mitchell,1996-02-01,555-4878,GID-S0001
S0002,William Lopez,1963-06-25,555-7755,GID-S0002
S0003,Mary Lopez,1969-12-24,555-6442,GID-S0003
S0004,Anthony Nelson,1964-04-05,555-5065,GID-S0004
S0005,Sarah Hernandez,1967-09-13,555-2771,GID-S0005
S0006,Matthew Williams,1964-07-03,555-8711,GID-S0006
S0007,Joseph Gonzalez,1966-05-23,555-8541,GID-S0007
S0008,Daniel Martin,1966-03-19,555-4728,GID-S0008
S0009,Joseph Johnson,1973-05-31,555-4164,GID-S0009
S0010,Betty Perez,1990-07-10,555-2137,GID-S0010
S0011,Stephanie Moore,1987-04-08,555-9346,GID-S0011
S0012,Betty Baker,1965-03-05,555-9785,GID-S0012
S0013,Nancy Johnson,1997-11-05,555-5279,GID-S0013
S0014,Barbara Nguyen,1991-02-10,555-1626,GID-S0014
S0015,Michael Hill,1983-07-12,555-6663,GID-S0015
S0016,George Lee,1983-06-12,555-9379,GID-S0016
S0017,Linda Harris,1962-09-02,555-4114,GID-S0017
S0018,Thomas Williams,1971-03-24,555-8144,GID-S0018
S0019,James King,1961-07-02,555-9821,GID-S0019
S0020,Amanda Campbell,1969-09-26,555-4228,GID-S0020
S0021,Lisa Ramirez,1999-11-18,555-6409,GID-S0021
S0022,Michelle Lee,1973-04-06,555-3041,GID-S0022
S0023,George Martin,1980-04-09,555-6067,GID-S0023
S0024,Kevin Clark,1988-05-21,555-7592,GID-S0024
S0025,Brian Jackson,1978-02-24,555-3085,GID-S0025
S0026,Richard Clark,1973-03-11,555-7211,GID-S0026
S0027,Amanda Mitchell,1962-07-10,555-3851,GID-S0027
S0028,Michelle Torres,1989-07-09,555-7653,GID-S0028
S0029,Emily Smith,1989-05-22,555-5700,GID-S0029
S0030,Susan Ramirez,1967-10-10,555-6279,GID-S0030
